timestamp,pregunta,respuesta
2025-05-14T14:43:50,驴 Cu谩l es el orden cronol贸gico de los documemtos?,"Grupo 5 

[ERROR] HTTPConnectionPool(host='localhost', port=11434): Max retries exceeded with url: /api/chat (Caused by NewConnectionError('<urllib3.connection.HTTPConnection object at 0x000002DD16E496A0>: Failed to establish a new connection: [WinError 10061] No connection could be made because the target machine actively refused it'))"
2025-05-14T14:44:46,驴Cu谩l es el orden cronol贸gico de los documentos?,"Grupo 5 

[ERROR] HTTPConnectionPool(host='localhost', port=11434): Max retries exceeded with url: /api/chat (Caused by NewConnectionError('<urllib3.connection.HTTPConnection object at 0x000002DD16EC8A50>: Failed to establish a new connection: [WinError 10061] No connection could be made because the target machine actively refused it'))"
2025-05-14T15:10:53,驴Cu谩l es el orden cronol贸gico de los documentos?,"Grupo 5 

[ERROR] Extra data: line 2 column 1 (char 125)"
2025-05-14T15:14:21,hola,Grupo 5 锔 No se encontr贸 informaci贸n relevante en la base de datos.
2025-05-14T15:16:11,驴Cu谩l es el orden cronol贸gico de los documentos?,"Grupo 5 

{""model"":""codegemma"",""created_at"":""2025-05-14T20:16:14.890335Z"",""message"":{""role"":""assistant"",""content"":""El""},""done"":false}
{""model"":""codegemma"",""created_at"":""2025-05-14T20:16:15.5804974Z"",""message"":{""role"":""assistant"",""content"":"" orden""},""done"":false}
{""model"":""codegemma"",""created_at"":""2025-05-14T20:16:16.3025528Z"",""message"":{""role"":""assistant"",""content"":"" cron""},""done"":false}
{""model"":""codegemma"",""created_at"":""2025-05-14T20:16:16.9969828Z"",""message"":{""role"":""assistant"",""content"":""ol贸gico""},""done"":false}
{""model"":""codegemma"",""created_at"":""2025-05-14T20:16:17.7097869Z"",""message"":{""role"":""assistant"",""content"":"" de""},""done"":false}
{""model"":""codegemma"",""created_at"":""2025-05-14T20:16:18.4496915Z"",""message"":{""role"":""assistant"",""content"":"" los""},""done"":false}
{""model"":""codegemma"",""created_at"":""2025-05-14T20:16:19.1848223Z"",""message"":{""role"":""assistant"",""content"":"" documentos""},""done"":false}
{""model"":""codegemma"",""created_at"":""2025-05-14T20:16:19.9087396Z"",""message"":{""role"":""assistant"",""content"":"" es""},""done"":false}
{""model"":""codegemma"",""created_at"":""2025-05-14T20:16:20.6539769Z"",""message"":{""role"":""assistant"",""content"":"" el""},""done"":false}
{""model"":""codegemma"",""created_at"":""2025-05-14T20:16:21.3872017Z"",""message"":{""role"":""assistant"",""content"":"" siguiente""},""done"":false}
{""model"":""codegemma"",""created_at"":""2025-05-14T20:16:22.0976679Z"",""message"":{""role"":""assistant"",""content"":"":""},""done"":false}
{""model"":""codegemma"",""created_at"":""2025-05-14T20:16:22.797215Z"",""message"":{""role"":""assistant"",""content"":""\n\n""},""done"":false}
{""model"":""codegemma"",""created_at"":""2025-05-14T20:16:23.5006919Z"",""message"":{""role"":""assistant"",""content"":""1""},""done"":false}
{""model"":""codegemma"",""created_at"":""2025-05-14T20:16:24.2310923Z"",""message"":{""role"":""assistant"",""content"":"".""},""done"":false}
{""model"":""codegemma"",""created_at"":""2025-05-14T20:16:24.9683897Z"",""message"":{""role"":""assistant"",""content"":"" Email""},""done"":false}
{""model"":""codegemma"",""created_at"":""2025-05-14T20:16:25.7102095Z"",""message"":{""role"":""assistant"",""content"":""Personal""},""done"":false}
{""model"":""codegemma"",""created_at"":""2025-05-14T20:16:26.4450939Z"",""message"":{""role"":""assistant"",""content"":""\n""},""done"":false}
{""model"":""codegemma"",""created_at"":""2025-05-14T20:16:27.1546117Z"",""message"":{""role"":""assistant"",""content"":""2""},""done"":false}
{""model"":""codegemma"",""created_at"":""2025-05-14T20:16:27.8794256Z"",""message"":{""role"":""assistant"",""content"":"".""},""done"":false}
{""model"":""codegemma"",""created_at"":""2025-05-14T20:16:28.6100721Z"",""message"":{""role"":""assistant"",""content"":"" Diario""},""done"":false}
{""model"":""codegemma"",""created_at"":""2025-05-14T20:16:29.3668893Z"",""message"":{""role"":""assistant"",""content"":""De""},""done"":false}
{""model"":""codegemma"",""created_at"":""2025-05-14T20:16:30.0912698Z"",""message"":{""role"":""assistant"",""content"":""Ger""},""done"":false}
{""model"":""codegemma"",""created_at"":""2025-05-14T20:16:30.8310181Z"",""message"":{""role"":""assistant"",""content"":""ente""},""done"":false}
{""model"":""codegemma"",""created_at"":""2025-05-14T20:16:31.5537164Z"",""message"":{""role"":""assistant"",""content"":""\n""},""done"":false}
{""model"":""codegemma"",""created_at"":""2025-05-14T20:16:32.2790431Z"",""message"":{""role"":""assistant"",""content"":""3""},""done"":false}
{""model"":""codegemma"",""created_at"":""2025-05-14T20:16:33.0255583Z"",""message"":{""role"":""assistant"",""content"":"".""},""done"":false}
{""model"":""codegemma"",""created_at"":""2025-05-14T20:16:33.7465267Z"",""message"":{""role"":""assistant"",""content"":"" Acc""},""done"":false}
{""model"":""codegemma"",""created_at"":""2025-05-14T20:16:34.4514211Z"",""message"":{""role"":""assistant"",""content"":""ion""},""done"":false}
{""model"":""codegemma"",""created_at"":""2025-05-14T20:16:35.1396322Z"",""message"":{""role"":""assistant"",""content"":""De""},""done"":false}
{""model"":""codegemma"",""created_at"":""2025-05-14T20:16:35.8827859Z"",""message"":{""role"":""assistant"",""content"":""Personal""},""done"":false}
{""model"":""codegemma"",""created_at"":""2025-05-14T20:16:36.5866498Z"",""message"":{""role"":""assistant"",""content"":""\n""},""done"":false}
{""model"":""codegemma"",""created_at"":""2025-05-14T20:16:37.2921138Z"",""message"":{""role"":""assistant"",""content"":""4""},""done"":false}
{""model"":""codegemma"",""created_at"":""2025-05-14T20:16:38.004772Z"",""message"":{""role"":""assistant"",""content"":"".""},""done"":false}
{""model"":""codegemma"",""created_at"":""2025-05-14T20:16:38.7238023Z"",""message"":{""role"":""assistant"",""content"":"" Diario""},""done"":false}
{""model"":""codegemma"",""created_at"":""2025-05-14T20:16:39.4749668Z"",""message"":{""role"":""assistant"",""content"":""De""},""done"":false}
{""model"":""codegemma"",""created_at"":""2025-05-14T20:16:40.1937271Z"",""message"":{""role"":""assistant"",""content"":""Ger""},""done"":false}
{""model"":""codegemma"",""created_at"":""2025-05-14T20:16:40.9084993Z"",""message"":{""role"":""assistant"",""content"":""ente""},""done"":false}
{""model"":""codegemma"",""created_at"":""2025-05-14T20:16:41.6222323Z"",""message"":{""role"":""assistant"",""content"":""""},""done_reason"":""stop"",""done"":true,""total_duration"":28198262400,""load_duration"":130974500,""prompt_eval_count"":71,""prompt_eval_duration"":1324465000,""eval_count"":38,""eval_duration"":26739971400}"
2025-05-14T19:37:20,驴Cu谩l es el orden cronol贸gico de los documentos?,"Grupo 5 

{""model"":""codegemma"",""created_at"":""2025-05-15T00:37:49.3998243Z"",""message"":{""role"":""assistant"",""content"":""El""},""done"":false}
{""model"":""codegemma"",""created_at"":""2025-05-15T00:37:49.694476Z"",""message"":{""role"":""assistant"",""content"":"" orden""},""done"":false}
{""model"":""codegemma"",""created_at"":""2025-05-15T00:37:49.939578Z"",""message"":{""role"":""assistant"",""content"":"" cron""},""done"":false}
{""model"":""codegemma"",""created_at"":""2025-05-15T00:37:50.1449508Z"",""message"":{""role"":""assistant"",""content"":""ol贸gico""},""done"":false}
{""model"":""codegemma"",""created_at"":""2025-05-15T00:37:50.3415952Z"",""message"":{""role"":""assistant"",""content"":"" de""},""done"":false}
{""model"":""codegemma"",""created_at"":""2025-05-15T00:37:50.5739408Z"",""message"":{""role"":""assistant"",""content"":"" los""},""done"":false}
{""model"":""codegemma"",""created_at"":""2025-05-15T00:37:50.8161162Z"",""message"":{""role"":""assistant"",""content"":"" documentos""},""done"":false}
{""model"":""codegemma"",""created_at"":""2025-05-15T00:37:51.1352033Z"",""message"":{""role"":""assistant"",""content"":"" es""},""done"":false}
{""model"":""codegemma"",""created_at"":""2025-05-15T00:37:51.3638032Z"",""message"":{""role"":""assistant"",""content"":"":""},""done"":false}
{""model"":""codegemma"",""created_at"":""2025-05-15T00:37:51.5914041Z"",""message"":{""role"":""assistant"",""content"":""\n\n""},""done"":false}
{""model"":""codegemma"",""created_at"":""2025-05-15T00:37:51.810446Z"",""message"":{""role"":""assistant"",""content"":""1""},""done"":false}
{""model"":""codegemma"",""created_at"":""2025-05-15T00:37:51.9875339Z"",""message"":{""role"":""assistant"",""content"":"".""},""done"":false}
{""model"":""codegemma"",""created_at"":""2025-05-15T00:37:52.2004255Z"",""message"":{""role"":""assistant"",""content"":"" Email""},""done"":false}
{""model"":""codegemma"",""created_at"":""2025-05-15T00:37:52.4325692Z"",""message"":{""role"":""assistant"",""content"":""Personal""},""done"":false}
{""model"":""codegemma"",""created_at"":""2025-05-15T00:37:52.6600135Z"",""message"":{""role"":""assistant"",""content"":""\n""},""done"":false}
{""model"":""codegemma"",""created_at"":""2025-05-15T00:37:52.9649529Z"",""message"":{""role"":""assistant"",""content"":""2""},""done"":false}
{""model"":""codegemma"",""created_at"":""2025-05-15T00:37:53.1646292Z"",""message"":{""role"":""assistant"",""content"":"".""},""done"":false}
{""model"":""codegemma"",""created_at"":""2025-05-15T00:37:53.3622977Z"",""message"":{""role"":""assistant"",""content"":"" Acc""},""done"":false}
{""model"":""codegemma"",""created_at"":""2025-05-15T00:37:53.6763114Z"",""message"":{""role"":""assistant"",""content"":""ion""},""done"":false}
{""model"":""codegemma"",""created_at"":""2025-05-15T00:37:53.8814736Z"",""message"":{""role"":""assistant"",""content"":""De""},""done"":false}
{""model"":""codegemma"",""created_at"":""2025-05-15T00:37:54.077504Z"",""message"":{""role"":""assistant"",""content"":""Personal""},""done"":false}
{""model"":""codegemma"",""created_at"":""2025-05-15T00:37:54.2790284Z"",""message"":{""role"":""assistant"",""content"":""\n""},""done"":false}
{""model"":""codegemma"",""created_at"":""2025-05-15T00:37:54.5035152Z"",""message"":{""role"":""assistant"",""content"":""3""},""done"":false}
{""model"":""codegemma"",""created_at"":""2025-05-15T00:37:54.7092619Z"",""message"":{""role"":""assistant"",""content"":"".""},""done"":false}
{""model"":""codegemma"",""created_at"":""2025-05-15T00:37:54.9743873Z"",""message"":{""role"":""assistant"",""content"":"" Diario""},""done"":false}
{""model"":""codegemma"",""created_at"":""2025-05-15T00:37:55.3017515Z"",""message"":{""role"":""assistant"",""content"":""De""},""done"":false}
{""model"":""codegemma"",""created_at"":""2025-05-15T00:37:55.5162764Z"",""message"":{""role"":""assistant"",""content"":""Ger""},""done"":false}
{""model"":""codegemma"",""created_at"":""2025-05-15T00:37:55.7574887Z"",""message"":{""role"":""assistant"",""content"":""ente""},""done"":false}
{""model"":""codegemma"",""created_at"":""2025-05-15T00:37:56.0534487Z"",""message"":{""role"":""assistant"",""content"":""\n""},""done"":false}
{""model"":""codegemma"",""created_at"":""2025-05-15T00:37:56.27456Z"",""message"":{""role"":""assistant"",""content"":""4""},""done"":false}
{""model"":""codegemma"",""created_at"":""2025-05-15T00:37:56.445864Z"",""message"":{""role"":""assistant"",""content"":"".""},""done"":false}
{""model"":""codegemma"",""created_at"":""2025-05-15T00:37:56.6401937Z"",""message"":{""role"":""assistant"",""content"":"" Acc""},""done"":false}
{""model"":""codegemma"",""created_at"":""2025-05-15T00:37:56.8433367Z"",""message"":{""role"":""assistant"",""content"":""ion""},""done"":false}
{""model"":""codegemma"",""created_at"":""2025-05-15T00:37:57.0240597Z"",""message"":{""role"":""assistant"",""content"":""De""},""done"":false}
{""model"":""codegemma"",""created_at"":""2025-05-15T00:37:57.2175406Z"",""message"":{""role"":""assistant"",""content"":""Personal""},""done"":false}
{""model"":""codegemma"",""created_at"":""2025-05-15T00:37:57.4121381Z"",""message"":{""role"":""assistant"",""content"":""\n""},""done"":false}
{""model"":""codegemma"",""created_at"":""2025-05-15T00:37:57.6070188Z"",""message"":{""role"":""assistant"",""content"":""5""},""done"":false}
{""model"":""codegemma"",""created_at"":""2025-05-15T00:37:57.7961349Z"",""message"":{""role"":""assistant"",""content"":"".""},""done"":false}
{""model"":""codegemma"",""created_at"":""2025-05-15T00:37:57.985902Z"",""message"":{""role"":""assistant"",""content"":"" Diario""},""done"":false}
{""model"":""codegemma"",""created_at"":""2025-05-15T00:37:58.1585667Z"",""message"":{""role"":""assistant"",""content"":""De""},""done"":false}
{""model"":""codegemma"",""created_at"":""2025-05-15T00:37:58.3518775Z"",""message"":{""role"":""assistant"",""content"":""Ger""},""done"":false}
{""model"":""codegemma"",""created_at"":""2025-05-15T00:37:58.5280807Z"",""message"":{""role"":""assistant"",""content"":""ente""},""done"":false}
{""model"":""codegemma"",""created_at"":""2025-05-15T00:37:58.7092881Z"",""message"":{""role"":""assistant"",""content"":""""},""done_reason"":""stop"",""done"":true,""total_duration"":35989180900,""load_duration"":19204958300,""prompt_eval_count"":71,""prompt_eval_duration"":6694605500,""eval_count"":43,""eval_duration"":9313992500}"
2025-05-14T19:39:35,驴C贸mo se llama la empresa y cu谩l es el perjuicio ocasionado?,"Grupo 5 

{""model"":""codegemma"",""created_at"":""2025-05-15T00:45:00.6418033Z"",""message"":{""role"":""assistant"",""content"":""La""},""done"":false}
{""model"":""codegemma"",""created_at"":""2025-05-15T00:45:01.0353268Z"",""message"":{""role"":""assistant"",""content"":"" empresa""},""done"":false}
{""model"":""codegemma"",""created_at"":""2025-05-15T00:45:01.431872Z"",""message"":{""role"":""assistant"",""content"":"" es""},""done"":false}
{""model"":""codegemma"",""created_at"":""2025-05-15T00:45:01.8101008Z"",""message"":{""role"":""assistant"",""content"":"" Pat""},""done"":false}
{""model"":""codegemma"",""created_at"":""2025-05-15T00:45:02.2980738Z"",""message"":{""role"":""assistant"",""content"":""ito""},""done"":false}
{""model"":""codegemma"",""created_at"":""2025-05-15T00:45:02.7877891Z"",""message"":{""role"":""assistant"",""content"":"" EC""},""done"":false}
{""model"":""codegemma"",""created_at"":""2025-05-15T00:45:03.2747869Z"",""message"":{""role"":""assistant"",""content"":"" y""},""done"":false}
{""model"":""codegemma"",""created_at"":""2025-05-15T00:45:03.7664608Z"",""message"":{""role"":""assistant"",""content"":"" el""},""done"":false}
{""model"":""codegemma"",""created_at"":""2025-05-15T00:45:04.2132582Z"",""message"":{""role"":""assistant"",""content"":"" perju""},""done"":false}
{""model"":""codegemma"",""created_at"":""2025-05-15T00:45:04.6706504Z"",""message"":{""role"":""assistant"",""content"":""icio""},""done"":false}
{""model"":""codegemma"",""created_at"":""2025-05-15T00:45:05.1338269Z"",""message"":{""role"":""assistant"",""content"":"" ocas""},""done"":false}
{""model"":""codegemma"",""created_at"":""2025-05-15T00:45:05.648123Z"",""message"":{""role"":""assistant"",""content"":""ionado""},""done"":false}
{""model"":""codegemma"",""created_at"":""2025-05-15T00:45:06.1304267Z"",""message"":{""role"":""assistant"",""content"":"" fue""},""done"":false}
{""model"":""codegemma"",""created_at"":""2025-05-15T00:45:06.6217006Z"",""message"":{""role"":""assistant"",""content"":"" de""},""done"":false}
{""model"":""codegemma"",""created_at"":""2025-05-15T00:45:07.0676343Z"",""message"":{""role"":""assistant"",""content"":"" $""},""done"":false}
{""model"":""codegemma"",""created_at"":""2025-05-15T00:45:07.5211074Z"",""message"":{""role"":""assistant"",""content"":""1""},""done"":false}
{""model"":""codegemma"",""created_at"":""2025-05-15T00:45:08.0002772Z"",""message"":{""role"":""assistant"",""content"":""0""},""done"":false}
{""model"":""codegemma"",""created_at"":""2025-05-15T00:45:08.4851203Z"",""message"":{""role"":""assistant"",""content"":""0""},""done"":false}
{""model"":""codegemma"",""created_at"":""2025-05-15T00:45:08.9597269Z"",""message"":{""role"":""assistant"",""content"":"",""},""done"":false}
{""model"":""codegemma"",""created_at"":""2025-05-15T00:45:09.4652299Z"",""message"":{""role"":""assistant"",""content"":""0""},""done"":false}
{""model"":""codegemma"",""created_at"":""2025-05-15T00:45:09.9095894Z"",""message"":{""role"":""assistant"",""content"":""0""},""done"":false}
{""model"":""codegemma"",""created_at"":""2025-05-15T00:45:10.4065178Z"",""message"":{""role"":""assistant"",""content"":""0""},""done"":false}
{""model"":""codegemma"",""created_at"":""2025-05-15T00:45:10.8368421Z"",""message"":{""role"":""assistant"",""content"":"" por""},""done"":false}
{""model"":""codegemma"",""created_at"":""2025-05-15T00:45:11.2880211Z"",""message"":{""role"":""assistant"",""content"":"" la""},""done"":false}
{""model"":""codegemma"",""created_at"":""2025-05-15T00:45:11.7603274Z"",""message"":{""role"":""assistant"",""content"":"" ca铆da""},""done"":false}
{""model"":""codegemma"",""created_at"":""2025-05-15T00:45:12.1938323Z"",""message"":{""role"":""assistant"",""content"":"" del""},""done"":false}
{""model"":""codegemma"",""created_at"":""2025-05-15T00:45:12.6296375Z"",""message"":{""role"":""assistant"",""content"":"" servicio""},""done"":false}
{""model"":""codegemma"",""created_at"":""2025-05-15T00:45:13.0606802Z"",""message"":{""role"":""assistant"",""content"":"" web""},""done"":false}
{""model"":""codegemma"",""created_at"":""2025-05-15T00:45:13.4795491Z"",""message"":{""role"":""assistant"",""content"":"" Venta""},""done"":false}
{""model"":""codegemma"",""created_at"":""2025-05-15T00:45:13.8869352Z"",""message"":{""role"":""assistant"",""content"":""de""},""done"":false}
{""model"":""codegemma"",""created_at"":""2025-05-15T00:45:14.2824288Z"",""message"":{""role"":""assistant"",""content"":""Pat""},""done"":false}
{""model"":""codegemma"",""created_at"":""2025-05-15T00:45:14.6361949Z"",""message"":{""role"":""assistant"",""content"":""os""},""done"":false}
{""model"":""codegemma"",""created_at"":""2025-05-15T00:45:14.997856Z"",""message"":{""role"":""assistant"",""content"":"".""},""done"":false}
{""model"":""codegemma"",""created_at"":""2025-05-15T00:45:15.3550191Z"",""message"":{""role"":""assistant"",""content"":""com""},""done"":false}
{""model"":""codegemma"",""created_at"":""2025-05-15T00:45:15.7058634Z"",""message"":{""role"":""assistant"",""content"":"" durante""},""done"":false}
{""model"":""codegemma"",""created_at"":""2025-05-15T00:45:16.0690084Z"",""message"":{""role"":""assistant"",""content"":"" ""},""done"":false}
{""model"":""codegemma"",""created_at"":""2025-05-15T00:45:16.427412Z"",""message"":{""role"":""assistant"",""content"":""4""},""done"":false}
{""model"":""codegemma"",""created_at"":""2025-05-15T00:45:16.8069193Z"",""message"":{""role"":""assistant"",""content"":"" horas""},""done"":false}
{""model"":""codegemma"",""created_at"":""2025-05-15T00:45:17.1361903Z"",""message"":{""role"":""assistant"",""content"":"",""},""done"":false}
{""model"":""codegemma"",""created_at"":""2025-05-15T00:45:17.4789146Z"",""message"":{""role"":""assistant"",""content"":"" que""},""done"":false}
{""model"":""codegemma"",""created_at"":""2025-05-15T00:45:17.8467259Z"",""message"":{""role"":""assistant"",""content"":"" afect""},""done"":false}
{""model"":""codegemma"",""created_at"":""2025-05-15T00:45:18.1751858Z"",""message"":{""role"":""assistant"",""content"":""贸""},""done"":false}
{""model"":""codegemma"",""created_at"":""2025-05-15T00:45:18.5647964Z"",""message"":{""role"":""assistant"",""content"":"" a""},""done"":false}
{""model"":""codegemma"",""created_at"":""2025-05-15T00:45:19.0256781Z"",""message"":{""role"":""assistant"",""content"":"" ""},""done"":false}
{""model"":""codegemma"",""created_at"":""2025-05-15T00:45:19.4510331Z"",""message"":{""role"":""assistant"",""content"":""1""},""done"":false}
{""model"":""codegemma"",""created_at"":""2025-05-15T00:45:19.8554493Z"",""message"":{""role"":""assistant"",""content"":""2""},""done"":false}
{""model"":""codegemma"",""created_at"":""2025-05-15T00:45:20.23801Z"",""message"":{""role"":""assistant"",""content"":""0""},""done"":false}
{""model"":""codegemma"",""created_at"":""2025-05-15T00:45:20.6839061Z"",""message"":{""role"":""assistant"",""content"":"" usuarios""},""done"":false}
{""model"":""codegemma"",""created_at"":""2025-05-15T00:45:21.1154921Z"",""message"":{""role"":""assistant"",""content"":"".""},""done"":false}
{""model"":""codegemma"",""created_at"":""2025-05-15T00:45:21.5546742Z"",""message"":{""role"":""assistant"",""content"":""""},""done_reason"":""stop"",""done"":true,""total_duration"":344350415600,""load_duration"":32977500,""prompt_eval_count"":2392,""prompt_eval_duration"":323400378900,""eval_count"":50,""eval_duration"":20916391600}"
2025-05-14T20:28:49,驴Cu谩l es el orden cronol贸gico de los documentos?,"Grupo 5 

{""model"":""codegemma"",""created_at"":""2025-05-15T01:29:09.5521613Z"",""message"":{""role"":""assistant"",""content"":""El""},""done"":false}
{""model"":""codegemma"",""created_at"":""2025-05-15T01:29:09.8163334Z"",""message"":{""role"":""assistant"",""content"":"" orden""},""done"":false}
{""model"":""codegemma"",""created_at"":""2025-05-15T01:29:10.1162795Z"",""message"":{""role"":""assistant"",""content"":"" cron""},""done"":false}
{""model"":""codegemma"",""created_at"":""2025-05-15T01:29:10.3912314Z"",""message"":{""role"":""assistant"",""content"":""ol贸gico""},""done"":false}
{""model"":""codegemma"",""created_at"":""2025-05-15T01:29:10.7530415Z"",""message"":{""role"":""assistant"",""content"":"" de""},""done"":false}
{""model"":""codegemma"",""created_at"":""2025-05-15T01:29:10.9932774Z"",""message"":{""role"":""assistant"",""content"":"" los""},""done"":false}
{""model"":""codegemma"",""created_at"":""2025-05-15T01:29:11.234388Z"",""message"":{""role"":""assistant"",""content"":"" documentos""},""done"":false}
{""model"":""codegemma"",""created_at"":""2025-05-15T01:29:11.4853068Z"",""message"":{""role"":""assistant"",""content"":"" es""},""done"":false}
{""model"":""codegemma"",""created_at"":""2025-05-15T01:29:11.7142699Z"",""message"":{""role"":""assistant"",""content"":"" el""},""done"":false}
{""model"":""codegemma"",""created_at"":""2025-05-15T01:29:11.9329101Z"",""message"":{""role"":""assistant"",""content"":"" siguiente""},""done"":false}
{""model"":""codegemma"",""created_at"":""2025-05-15T01:29:12.1640405Z"",""message"":{""role"":""assistant"",""content"":"":""},""done"":false}
{""model"":""codegemma"",""created_at"":""2025-05-15T01:29:12.3931118Z"",""message"":{""role"":""assistant"",""content"":""\n\n""},""done"":false}
{""model"":""codegemma"",""created_at"":""2025-05-15T01:29:12.6109364Z"",""message"":{""role"":""assistant"",""content"":""1""},""done"":false}
{""model"":""codegemma"",""created_at"":""2025-05-15T01:29:12.8372841Z"",""message"":{""role"":""assistant"",""content"":"".""},""done"":false}
{""model"":""codegemma"",""created_at"":""2025-05-15T01:29:13.0828057Z"",""message"":{""role"":""assistant"",""content"":"" Email""},""done"":false}
{""model"":""codegemma"",""created_at"":""2025-05-15T01:29:13.3468405Z"",""message"":{""role"":""assistant"",""content"":""Personal""},""done"":false}
{""model"":""codegemma"",""created_at"":""2025-05-15T01:29:13.5836894Z"",""message"":{""role"":""assistant"",""content"":""\n""},""done"":false}
{""model"":""codegemma"",""created_at"":""2025-05-15T01:29:13.7761405Z"",""message"":{""role"":""assistant"",""content"":""2""},""done"":false}
{""model"":""codegemma"",""created_at"":""2025-05-15T01:29:13.9792557Z"",""message"":{""role"":""assistant"",""content"":"".""},""done"":false}
{""model"":""codegemma"",""created_at"":""2025-05-15T01:29:14.1768372Z"",""message"":{""role"":""assistant"",""content"":"" Diario""},""done"":false}
{""model"":""codegemma"",""created_at"":""2025-05-15T01:29:14.3779106Z"",""message"":{""role"":""assistant"",""content"":""De""},""done"":false}
{""model"":""codegemma"",""created_at"":""2025-05-15T01:29:14.6210323Z"",""message"":{""role"":""assistant"",""content"":""Ger""},""done"":false}
{""model"":""codegemma"",""created_at"":""2025-05-15T01:29:14.8209519Z"",""message"":{""role"":""assistant"",""content"":""ente""},""done"":false}
{""model"":""codegemma"",""created_at"":""2025-05-15T01:29:15.0248893Z"",""message"":{""role"":""assistant"",""content"":""\n""},""done"":false}
{""model"":""codegemma"",""created_at"":""2025-05-15T01:29:15.227066Z"",""message"":{""role"":""assistant"",""content"":""3""},""done"":false}
{""model"":""codegemma"",""created_at"":""2025-05-15T01:29:15.4581792Z"",""message"":{""role"":""assistant"",""content"":"".""},""done"":false}
{""model"":""codegemma"",""created_at"":""2025-05-15T01:29:15.6690406Z"",""message"":{""role"":""assistant"",""content"":"" Acc""},""done"":false}
{""model"":""codegemma"",""created_at"":""2025-05-15T01:29:15.8781291Z"",""message"":{""role"":""assistant"",""content"":""ion""},""done"":false}
{""model"":""codegemma"",""created_at"":""2025-05-15T01:29:16.095755Z"",""message"":{""role"":""assistant"",""content"":""De""},""done"":false}
{""model"":""codegemma"",""created_at"":""2025-05-15T01:29:16.3048262Z"",""message"":{""role"":""assistant"",""content"":""Personal""},""done"":false}
{""model"":""codegemma"",""created_at"":""2025-05-15T01:29:16.5370587Z"",""message"":{""role"":""assistant"",""content"":""\n""},""done"":false}
{""model"":""codegemma"",""created_at"":""2025-05-15T01:29:16.7291796Z"",""message"":{""role"":""assistant"",""content"":""4""},""done"":false}
{""model"":""codegemma"",""created_at"":""2025-05-15T01:29:16.9273576Z"",""message"":{""role"":""assistant"",""content"":"".""},""done"":false}
{""model"":""codegemma"",""created_at"":""2025-05-15T01:29:17.125286Z"",""message"":{""role"":""assistant"",""content"":"" Acc""},""done"":false}
{""model"":""codegemma"",""created_at"":""2025-05-15T01:29:17.3378906Z"",""message"":{""role"":""assistant"",""content"":""ion""},""done"":false}
{""model"":""codegemma"",""created_at"":""2025-05-15T01:29:17.5765609Z"",""message"":{""role"":""assistant"",""content"":""De""},""done"":false}
{""model"":""codegemma"",""created_at"":""2025-05-15T01:29:17.8081022Z"",""message"":{""role"":""assistant"",""content"":""Personal""},""done"":false}
{""model"":""codegemma"",""created_at"":""2025-05-15T01:29:18.052524Z"",""message"":{""role"":""assistant"",""content"":""""},""done_reason"":""stop"",""done"":true,""total_duration"":26491790900,""load_duration"":10407407900,""prompt_eval_count"":71,""prompt_eval_duration"":7559212800,""eval_count"":38,""eval_duration"":8504170000}"
2025-05-14T20:39:41,驴Cu谩l es el orden cronol贸gico de los documentos?,"Grupo 5 

"
2025-05-14T20:41:02,驴Cu谩l es el orden cronol贸gico de los documentos?,"Grupo 5 

El orden cronol贸gico de los documentos es el siguiente:

1. DiarioDeGerente
2. AccionDePersonal
3. EmailPersonal
4. AccionDePersonal
5. DiarioDeGerente"
2025-05-14T20:41:39,驴C贸mo se llama la empresa y cu谩l es el perjuicio ocasionado?,"Grupo 5 

**Nombre de la empresa:** Patito EC

**Perjuicio ocasionado:** $100,000"
2025-05-14T20:47:33,驴C贸mo se llama la empresa y cu谩l es el perjuicio ocasionado?,"Grupo 5 

La empresa es Patito EC y el perjuicio ocasionado fue de $100,000 por la ca铆da del servicio web VentadePatos.com durante 4 horas, que afectan a 120 usuarios."
2025-05-15T11:35:49,驴Cual es la capital de Ecuador?,Grupo 5 锔 No se encontr贸 informaci贸n relevante en la base de datos.
2025-05-15T11:41:31,驴C贸mo se llama la empresa y cu谩l es el perjuicio ocasionado?,"Grupo 5 

La empresa se llama Patito EC y el perjuicio ocasionado fue una p茅rdida estimada de $100,000."
2025-05-15T11:56:18,驴Cu谩l es el orden cronol贸gico de los documentos?,"Grupo 5 

El orden cronol贸gico de los documentos es:

1. ReporteIncidentes
2. ReporteIncidentes
3. ReporteIncidentes
4. ReporteIncidentes
5. AccionDePersonal"
2025-05-15T11:57:42,驴Cu谩l es el orden cronol贸gico de los documentos?,"Grupo 5 

El orden cronol贸gico de los documentos es:

1. ReporteIncidentes
2. ReporteIncidentes
3. ReporteIncidentes
4. ReporteIncidentes
5. AccionDePersonal"
2025-05-15T11:59:05,驴C贸mo se llama la empresa y cu谩l es el perjuicio ocasionado?,"Grupo 5 

La empresa se llama Patito EC y el perjuicio ocasionado fue de aproximadamente $100,000."
2025-05-15T12:03:11,"驴Qu茅 tipo de problema fue, cu谩l fue la causa del incidente?","Grupo 5 

**Problema:** Ca铆da del sitio web VentadePatos.com durante cuatro horas.

**Causa:** Consumo inusualmente alto de memoria RAM en los servidores del sitio web, causado por un problema de sobrecarga en tres momentos espec铆ficos."
2025-05-15T12:06:29,"驴Qui茅nes son los involucrados, se conoce el nombre de quien reporta el incidente?","Grupo 5 

El informe indica que los involucrados en el incidente son:

* **Juanito Montero:** El encargado del monitoreo de servicios web que incurri贸 en la falla.
* **Carlos G贸mez:** Recursos Humanos que escribi贸 la acci贸n de personal.
* **Sebasti谩n Rivera:** Gerente que escribi贸 una reflexi贸n sobre el incidente.

No se menciona el nombre de la persona que reporta el incidente."
2025-05-15T12:09:50,驴Qu茅 archivo describe las sanciones ocasionadas?,"Grupo 5 

El archivo que describe las sanciones ocasionadas es la **Accion de Personal en Contra de Juanito Montero Fecha: 7 de abril de 2025**."
2025-05-15T12:13:09,驴Cu谩les son los archivos que el agente tiene disponibles para proporcionar informaci贸n?,Grupo 5 锔 No se encontr贸 informaci贸n relevante en la base de datos.
2025-05-15T12:15:09,驴Cu谩les son los archivos disponibles para proporcionar informaci贸n?,Grupo 5 锔 No se encontr贸 informaci贸n relevante en la base de datos.
2025-05-15T12:28:51,Quiero saber cuales son los archivos a los que tienes acceso para darme informaci贸n de las incidencias,Grupo 5 锔 No se encontr贸 informaci贸n relevante en la base de datos.
2025-05-15T12:29:50,驴Cu谩les son los archivos disponibles para el reporte de incidencias?,Grupo 5 锔 No se encontr贸 informaci贸n relevante en la base de datos.
2025-05-15T12:37:35,驴Cu谩les son los archivos que el agente tiene disponibles para proporcionar informaci贸n?,Grupo 5 锔 No se encontr贸 informaci贸n relevante en la base de datos.
2025-05-15T12:37:53,Lista los archivos,Grupo 5 锔 No se encontr贸 informaci贸n relevante en la base de datos.
2025-05-15T12:44:48,驴Cu谩l es el orden cronol贸gico de los documentos?,"Grupo 5 

El orden cronol贸gico de los documentos es:

1. ReporteIncidentes
2. ReporteIncidentes
3. ReporteIncidentes
4. AccionDePersonal
5. AccionDePersonal"
2025-05-15T12:46:42,"驴Qu茅 tipo de problema fue, cu谩l fue la causa del incidente?","Grupo 5 

El problema fue la ca铆da del sitio web VentadePatos.com durante un per铆odo de aproximadamente 4 horas, lo que impacta a 120 usuarios y caus贸 una p茅rdida estimada de $100,000 para la empresa. La causa del incidente fue la falta de supervisi贸n de Juanito Montero en el turno asignado, lo que result贸 en su incapacidad para reaccionar ante el alto consumo de memoria RAM en los servidores durante tres picos cr铆ticos."
